<application>
  <component name="FileTypeManager" version="17">
    <extensionMap>
      <mapping pattern="*.env.development" type=".env file" />
      <mapping pattern="*.env.production" type=".env file" />
      <removed_mapping pattern=".editorconfig" approved="true" type="EditorConfig" />
      <mapping ext="php" type="HTML" />
      <mapping ext="component" type="HTML" />
      <mapping pattern="表单设计中的设计.md" type="Markdown" />
      <mapping ext="dps" type="Native" />
      <mapping pattern="换肤实施方案.md" type="PLAIN_TEXT" />
      <mapping pattern=".babelrc-old" type="PLAIN_TEXT" />
      <mapping pattern="ui改版.md" type="PLAIN_TEXT" />
      <mapping pattern="ui改版" type="PLAIN_TEXT" />
      <mapping pattern="npm" type="PLAIN_TEXT" />
      <mapping pattern=".prettierignore" type="PLAIN_TEXT" />
      <mapping pattern=".env.development" type="PLAIN_TEXT" />
      <mapping pattern=".gitkeep" type="PLAIN_TEXT" />
      <mapping pattern="Nickname.vue" type="PLAIN_TEXT" />
      <mapping pattern="yuncloud-dev" type="PLAIN_TEXT" />
      <mapping pattern=".editorconfig" type="PLAIN_TEXT" />
      <mapping pattern="编码规范.md" type="PLAIN_TEXT" />
      <mapping ext="backup-20190605" type="PLAIN_TEXT" />
      <mapping ext="production" type="PLAIN_TEXT" />
      <mapping ext="vue-backup" type="PLAIN_TEXT" />
      <mapping ext="backup-20190628" type="PLAIN_TEXT" />
      <mapping ext="wxss" type="PLAIN_TEXT" />
      <mapping ext="ts-backup" type="PLAIN_TEXT" />
      <mapping ext="backup" type="PLAIN_TEXT" />
      <mapping ext="backup-20190726" type="PLAIN_TEXT" />
      <mapping ext="xap" type="PLAIN_TEXT" />
      <mapping ext="bacup" type="PLAIN_TEXT" />
      <mapping ext="backup-20181008-01" type="PLAIN_TEXT" />
      <mapping ext="backup3" type="PLAIN_TEXT" />
      <mapping ext="backup-20190704" type="PLAIN_TEXT" />
      <mapping ext="backup-20181008" type="PLAIN_TEXT" />
      <mapping ext="lock" type="PLAIN_TEXT" />
      <mapping ext="backup2" type="PLAIN_TEXT" />
      <mapping pattern="?.vue" type="Vue.js" />
      <mapping ext="backup-20190108" type="Vue.js" />
      <mapping ext="backup-20190513" type="Vue.js" />
      <removed_mapping ext="wxss" approved="true" type="Wxss" />
      <removed_mapping ext="wxss" approved="true" type="Wxss" />
      <removed_mapping ext="md" approved="true" type="Spacebars" />
      <removed_mapping pattern=".editorconfig" approved="true" type="EditorConfig" />
      <mapping pattern="WebForm.vue" type="Vue.js file" />
    </extensionMap>
  </component>
</application>