<application>
  <component name="ExportableFileTemplateSettings">
    <internal_templates>
      <template name="CSS File༏ext༏..css" reformat="true" live-template-enabled="true" />
      <template name="JavaScript File.js" reformat="true" live-template-enabled="true" enabled="true" />
      <template name="Less File.less" reformat="true" live-template-enabled="true" enabled="true" />
      <template name="SCSS File.scss" reformat="true" live-template-enabled="true" enabled="true" />
      <template name="tsconfig.json.json" reformat="true" live-template-enabled="true" enabled="true" />
      <template name="TypeScript File.ts" reformat="true" live-template-enabled="true" enabled="true" />
    </internal_templates>
    <includes_templates>
      <template name="Unnamed.vue" reformat="true" live-template-enabled="true" />
    </includes_templates>
  </component>
</application>