<application>
  <component name="ProjectManager">
    <defaultProject>
      <component name="Git.Settings">
        <option name="ROOT_SYNC" value="DONT_SYNC" />
        <option name="WARN_ABOUT_CRLF" value="false" />
      </component>
      <component name="PropertiesComponent">
        <property name="last_opened_file_path" value="D:/workspaces" />
        <property name="nodejs_interpreter_path.stuck_in_default_project" value="/usr/local/bin/node" />
        <property name="nodejs_npm_path_reset_for_default_project" value="true" />
        <property name="settings.editor.selected.configurable" value="vcs.Git" />
      </component>
      <component name="masterDetails">
        <states>
          <state key="ScopeChooserConfigurable.UI">
            <settings>
              <splitter-proportions>
                <option name="proportions">
                  <list>
                    <option value="0.2" />
                  </list>
                </option>
              </splitter-proportions>
            </settings>
          </state>
        </states>
      </component>
    </defaultProject>
  </component>
</application>